8876|测试_咕嘎_海盗2|pa_01M14031N1EHAJ3CB56AXXWW02|pg_01M0EWM931N7TSANBT62SGYQGZ|failed|Image|2026-08-25|人物|弃妃
1767|林泉现代中年|pa_01M0EYFB74XZ9PCA83SCHC5KK6|pg_01M0EWN2T09HVPXMAHY4GA7KBV|failed|Image|2026-05-26|人物|90年代暴富
9265|黄牙老象法相|pa_01M13CQXE8ZCSQFSK0V2NAT2XD|pg_01M0EWNFSZZZPAZKND7PN36BT0|active|Image|2026-08-28|图片|西游马聪组
9266|青毛狮子怪法相|pa_01M13CRE5VC31QYQDFM90JCH2Y|pg_01M0EWNFSZZZPAZKND7PN36BT0|active|Image|2026-08-28|图片|西游马聪组
9267|火焰巨剑|pa_01M13CRVY99KHWQF4F1GHTQ22Q|pg_01M0EWNFSZZZPAZKND7PN36BT0|active|Image|2026-08-28|图片|西游马聪组
9268|金翅大鹏雕法相|pa_01M13CSFVR0MQ4NCEQRSBMC41Q|pg_01M0EWNFSZZZPAZKND7PN36BT0|active|Image|2026-08-28|图片|西游马聪组
9269|青毛狮子怪法相手持火焰巨剑|pa_01M13CT9XCWN0SBYB1T6MVSR8F|pg_01M0EWNFSZZZPAZKND7PN36BT0|active|Image|2026-08-28|图片|西游马聪组
9271|唐三藏状态，扛着火焰巨剑和破天钻|pa_01M13CVBS8D9DBXXWAHZ3GM6HM|pg_01M0EWNFSZZZPAZKND7PN36BT0|active|Image|2026-08-28|图片|西游马聪组
9272|假如来二阶|pa_01M13CW08TS0H86S9S5DGFDADQ|pg_01M0EWNFSZZZPAZKND7PN36BT0|active|Image|2026-08-28|图片|西游马聪组
9273|破天钻|pa_01M13CXBGKC7EE7CSD9Z6FP6V2|pg_01M0EWNFSZZZPAZKND7PN36BT0|active|Image|2026-08-28|图片|西游马聪组
9341|假如来三阶|pa_01M13MC00H218ET1RKH697KQNV|pg_01M0EWNFSZZZPAZKND7PN36BT0|active|Image|2026-08-28|图片|西游马聪组
9380|老僧（真如来神念）|pa_01M13R2QWK4JZ394YWSYEASE5N|pg_01M0EWNFSZZZPAZKND7PN36BT0|active|Image|2026-08-28|图片|西游马聪组
9382|唐三藏（白金）|pa_01M13R3DM33732C7XGGQF9EQ8G|pg_01M0EWNFSZZZPAZKND7PN36BT0|active|Image|2026-08-28|图片|西游马聪组
9383|唐三藏（熔浆）|pa_01M13R7Q8SR1WBXTE43FY5N6PX|pg_01M0EWNFSZZZPAZKND7PN36BT0|active|Image|2026-08-28|图片|西游马聪组
9388|唐三藏（战损）|pa_01M13RF6CYMG1VF72GP1EBC6JC|pg_01M0EWNFSZZZPAZKND7PN36BT0|active|Image|2026-08-28|图片|西游马聪组
9389|假如来三阶段（战损）|pa_01M13RJV0BWPVHXZQWBVG4C8D1|pg_01M0EWNFSZZZPAZKND7PN36BT0|active|Image|2026-08-28|图片|西游马聪组
9445|宇宙星空战场|pa_01M13WX3M6RNV4FF839SRTQS5V|pg_01M0EWNFSZZZPAZKND7PN36BT0|active|Image|2026-08-28|图片|西游马聪组
9446|宇宙星空战场废墟|pa_01M13WXPBEE91NTPFA9WHRHK09|pg_01M0EWNFSZZZPAZKND7PN36BT0|active|Image|2026-08-28|图片|西游马聪组
9447|大雄宝殿|pa_01M13WZWM3T9RCTGPBQEB9YDHV|pg_01M0EWNFSZZZPAZKND7PN36BT0|active|Image|2026-08-28|图片|西游马聪组
9448|大雄宝殿废墟|pa_01M13X0XPREF367NC4FCJQ56QA|pg_01M0EWNFSZZZPAZKND7PN36BT0|active|Image|2026-08-28|图片|西游马聪组
9449|大雄宝殿废墟金色大门|pa_01M13X49R9XWV8ZZ9Z9DKC52ST|pg_01M0EWNFSZZZPAZKND7PN36BT0|active|Image|2026-08-28|图片|西游马聪组
9451|恒星|pa_01M13XCPM72SNXB93J1H05K8CZ|pg_01M0EWNFSZZZPAZKND7PN36BT0|active|Image|2026-08-28|图片|西游马聪组
9452|星球爆炸|pa_01M13XDF1V6ZNBSRNQA41FPBMS|pg_01M0EWNFSZZZPAZKND7PN36BT0|active|Image|2026-08-28|图片|西游马聪组
9454|黑洞技能|pa_01M13XJ2BW7BZVTFZV7J5C8WBE|pg_01M0EWNFSZZZPAZKND7PN36BT0|active|Image|2026-08-28|图片|西游马聪组
9455|星球爆炸1|pa_01M13XPTDX6CAK1WR2ANMK7EHX|pg_01M0EWNFSZZZPAZKND7PN36BT0|active|Image|2026-08-28|图片|西游马聪组
9456|蓝色恒星|pa_01M13XQG1ZDK6DJWR6T0EZVB8H|pg_01M0EWNFSZZZPAZKND7PN36BT0|active|Image|2026-08-28|图片|西游马聪组
4008|太后宫装1|pa_01M0EZCXM1KJERP21TAHEN9ATH|pg_01M0EWNT7JC896CN9XMS9T4QH4|failed|Image|2026-06-23|人物|穿书后我一心求死
9061|朝晖堂院门前(日)|pa_01M10TKGCKSF8R07QPZZK3B1R3|pg_01M0EWQE1ZAPX0EGBG8EV43HWV|failed|Image|2026-08-27|场景|冒认贵女
9073|清风楼全景|pa_01M10XNJDQ8JD12QHB7ECXBNSM|pg_01M0EWQE1ZAPX0EGBG8EV43HWV|failed|Image|2026-08-27|场景|冒认贵女
9076|清风阁走廊|pa_01M10Y8K24PNEYMKT7VHKGZNTC|pg_01M0EWQE1ZAPX0EGBG8EV43HWV|active|Image|2026-08-27|场景|冒认贵女
9077|清风阁裴庾欢厢房|pa_01M10YA68T5GD2HWRM5JAWDZG9|pg_01M0EWQE1ZAPX0EGBG8EV43HWV|active|Image|2026-08-27|场景|冒认贵女
9078|追杀霍伤|pa_01M10ZHHMB10ST8XVK8V9WDDHN|pg_01M0EWQE1ZAPX0EGBG8EV43HWV|active|Image|2026-08-27|场景|冒认贵女
9084|开封府厢房反打|pa_01M110YTVXVGY4336Q4117YFWT|pg_01M0EWQE1ZAPX0EGBG8EV43HWV|active|Image|2026-08-27|场景|冒认贵女
9087|镇国公府园中|pa_01M111BE0SP9MQ8DDK8GXZSZ8B|pg_01M0EWQE1ZAPX0EGBG8EV43HWV|active|Image|2026-08-27|场景|冒认贵女
9092|常州戏楼|pa_01M1131EHQTN818WPN2TTF8R5F|pg_01M0EWQE1ZAPX0EGBG8EV43HWV|active|Image|2026-08-27|场景|冒认贵女
9102|陆云远房间|pa_01M115CA8X4NDDDZ0VC2T03R15|pg_01M0EWQE1ZAPX0EGBG8EV43HWV|active|Image|2026-08-27|场景|冒认贵女
9104|田守仁府邸|pa_01M1160X7EMDQNEWB6QV0A9JEF|pg_01M0EWQE1ZAPX0EGBG8EV43HWV|active|Image|2026-08-27|场景|冒认贵女
9105|53戏楼站位|pa_01M117N8NBXSWM2XB4NQ1048S2|pg_01M0EWQE1ZAPX0EGBG8EV43HWV|active|Image|2026-08-27|场景|冒认贵女
9112|村子夜晚|pa_01M118TC67NF6VCKSGQD5KJH8Q|pg_01M0EWQE1ZAPX0EGBG8EV43HWV|active|Image|2026-08-27|场景|冒认贵女
9120|逃跑站位|pa_01M11BMZPS8GX663DC1ZMJ905E|pg_01M0EWQE1ZAPX0EGBG8EV43HWV|active|Image|2026-08-27|场景|冒认贵女
9127|蓝色箭头方向|pa_01M11CVAWVHY14AWX8W2AM096M|pg_01M0EWQE1ZAPX0EGBG8EV43HWV|active|Image|2026-08-27|场景|冒认贵女
9130|坝州知府书房|pa_01M11DRPRS3FS3FNSDTD1KQGZK|pg_01M0EWQE1ZAPX0EGBG8EV43HWV|active|Image|2026-08-27|场景|冒认贵女
9139|公主府内厅夜|pa_01M11JHHXTNQ9EQQ3BDWY5HZQ8|pg_01M0EWQE1ZAPX0EGBG8EV43HWV|active|Image|2026-08-27|场景|冒认贵女
9147|田府长廊|pa_01M130CRDF0MCHETP27PNTS9MV|pg_01M0EWQE1ZAPX0EGBG8EV43HWV|active|Image|2026-08-28|场景|冒认贵女
9149|田府矮墙|pa_01M131165Y9XJCCG64HG2FSM8F|pg_01M0EWQE1ZAPX0EGBG8EV43HWV|active|Image|2026-08-28|场景|冒认贵女
9165|坝州知府厢房|pa_01M1338MTJNSGYYCD3WC0S3HA7|pg_01M0EWQE1ZAPX0EGBG8EV43HWV|active|Image|2026-08-28|场景|冒认贵女
9175|54集站位|pa_01M133ZRKGQKFNW5JRAEV19YC2|pg_01M0EWQE1ZAPX0EGBG8EV43HWV|active|Image|2026-08-28|场景|冒认贵女
9229|54集站位2|pa_01M137VZZ5PTP5N635WG09SG67|pg_01M0EWQE1ZAPX0EGBG8EV43HWV|active|Image|2026-08-28|场景|冒认贵女
9241|坝州回廊|pa_01M13BMTV0R8RFSJJ4TQCG14TP|pg_01M0EWQE1ZAPX0EGBG8EV43HWV|active|Image|2026-08-28|场景|冒认贵女
9302|知府前厅|pa_01M13H3J63R5BJENCX11QX11CR|pg_01M0EWQE1ZAPX0EGBG8EV43HWV|active|Image|2026-08-28|场景|冒认贵女
9303|前厅反打|pa_01M13H3YDTC01K6FY1J182WBDA|pg_01M0EWQE1ZAPX0EGBG8EV43HWV|active|Image|2026-08-28|场景|冒认贵女
9363|兰心院屋内|pa_01M13P9J0CZ12CJ063HJSGMZ14|pg_01M0EWQE1ZAPX0EGBG8EV43HWV|failed|Image|2026-08-28|场景|冒认贵女
9417|厢房|pa_01M13SX04XRGQP9AE0ZTMZYBRP|pg_01M0EWQE1ZAPX0EGBG8EV43HWV|active|Image|2026-08-28|场景|冒认贵女
9431|公主府高台zzy|pa_01M13T23381EBTBQDP6ZKZXNBK|pg_01M0EWQE1ZAPX0EGBG8EV43HWV|active|Image|2026-08-28|场景|冒认贵女
9072|跑站位|pa_01M10XH1FN76P0V0FKJ51P1TJR|pg_01M0EWQG33AEYKSQ1M4VG6VC5N|failed|Image|2026-08-27|人物|冒认贵女
9079|夫人甲|pa_01M10ZWWQC7JH6HWC4GBSYH2HN|pg_01M0EWQG33AEYKSQ1M4VG6VC5N|active|Image|2026-08-27|人物|冒认贵女
9080|夫人乙|pa_01M10ZX37WXQ2EK60VC4H1WFGZ|pg_01M0EWQG33AEYKSQ1M4VG6VC5N|active|Image|2026-08-27|人物|冒认贵女
9083|镇国公府婢女|pa_01M110PJE4CPBQJAENEPM4Q247|pg_01M0EWQG33AEYKSQ1M4VG6VC5N|active|Image|2026-08-27|人物|冒认贵女
9085|江朔小时候|pa_01M1110KP8CJWZ2M3VPQ03BJ77|pg_01M0EWQG33AEYKSQ1M4VG6VC5N|active|Image|2026-08-27|人物|冒认贵女
9091|戏班班主|pa_01M112Y4Q32Y4ZW16284SSPGX0|pg_01M0EWQG33AEYKSQ1M4VG6VC5N|active|Image|2026-08-27|人物|冒认贵女
9094|宾客|pa_01M113M7AAVXE7AEKS3Y3RW32V|pg_01M0EWQG33AEYKSQ1M4VG6VC5N|active|Image|2026-08-27|人物|冒认贵女
9098|家丁|pa_01M114Z55JHBV4D6HQNW1RP4XP|pg_01M0EWQG33AEYKSQ1M4VG6VC5N|active|Image|2026-08-27|人物|冒认贵女
9099|陈蛮婚服|pa_01M1156A2CT7B8F0DSH6Y4R0VP|pg_01M0EWQG33AEYKSQ1M4VG6VC5N|active|Image|2026-08-27|人物|冒认贵女
9100|裴语欢常服3|pa_01M11595M69ZJC9HG0VM7GV3CZ|pg_01M0EWQG33AEYKSQ1M4VG6VC5N|active|Image|2026-08-27|人物|冒认贵女
9103|田守仁婚服|pa_01M115ZBNE3VRNCXDA8EMCVQG4|pg_01M0EWQG33AEYKSQ1M4VG6VC5N|active|Image|2026-08-27|人物|冒认贵女
9111|江阿姐|pa_01M118RGHFGJ5RB30A07CCWCJ9|pg_01M0EWQG33AEYKSQ1M4VG6VC5N|active|Image|2026-08-27|人物|冒认贵女
9114|女婴死亡|pa_01M118WQV1M44HZY6WXH21GPZT|pg_01M0EWQG33AEYKSQ1M4VG6VC5N|active|Image|2026-08-27|人物|冒认贵女
9119|三名婢女|pa_01M11ASME7QQZBZ5HQW4WMDYC4|pg_01M0EWQG33AEYKSQ1M4VG6VC5N|active|Image|2026-08-27|人物|冒认贵女
9129|陈蛮婚服2|pa_01M11DQFRX063R5XKDRCK31MSN|pg_01M0EWQG33AEYKSQ1M4VG6VC5N|active|Image|2026-08-27|人物|冒认贵女
9167|陈蛮上药|pa_01M133AVG8WZXJA15D0J8PC7HJ|pg_01M0EWQG33AEYKSQ1M4VG6VC5N|active|Image|2026-08-28|人物|冒认贵女
9222|裴包扎|pa_01M137B16ZD3E59FN3GMZEB5MZ|pg_01M0EWQG33AEYKSQ1M4VG6VC5N|active|Image|2026-08-28|人物|冒认贵女
9228|转场|pa_01M137M9J1HET7VM26QFZQ3AKQ|pg_01M0EWQG33AEYKSQ1M4VG6VC5N|active|Image|2026-08-28|人物|冒认贵女
9233|刘嬷嬷|pa_01M13898QGB3Y24YKAY029E0Y4|pg_01M0EWQG33AEYKSQ1M4VG6VC5N|active|Image|2026-08-28|人物|冒认贵女
9251|萧彦成|pa_01M13C798HFS3RTNPXPDSYA2SE|pg_01M0EWQG33AEYKSQ1M4VG6VC5N|active|Image|2026-08-28|人物|冒认贵女
9278|陈蛮受伤|pa_01M13DQBA8F91KXJ6EEF7QYV7E|pg_01M0EWQG33AEYKSQ1M4VG6VC5N|active|Image|2026-08-28|人物|冒认贵女
9279|陆云野24.25|pa_01M13DQFZ26ZDH2TFNZ87VQ9QE|pg_01M0EWQG33AEYKSQ1M4VG6VC5N|active|Image|2026-08-28|人物|冒认贵女
9289|管家|pa_01M13FEWWYB3D4QQMV3YBADJQ0|pg_01M0EWQG33AEYKSQ1M4VG6VC5N|active|Image|2026-08-28|人物|冒认贵女
9293|裴庾欢24|pa_01M13G66QC3M7M51YH35ZVD6QC|pg_01M0EWQG33AEYKSQ1M4VG6VC5N|active|Image|2026-08-28|人物|冒认贵女
9304|冬菽和江朔|pa_01M13H5VZX74J2CNWV7C5MK8XD|pg_01M0EWQG33AEYKSQ1M4VG6VC5N|active|Image|2026-08-28|人物|冒认贵女
9309|侍卫|pa_01M13HRGQKQF7KRF3KF139515Z|pg_01M0EWQG33AEYKSQ1M4VG6VC5N|active|Image|2026-08-28|人物|冒认贵女
9311|孙大人|pa_01M13HX1P89R767PHRJCCAV5NM|pg_01M0EWQG33AEYKSQ1M4VG6VC5N|active|Image|2026-08-28|人物|冒认贵女
9313|黄大人|pa_01M13HXA1F2SY7JG28DST4ZPAE|pg_01M0EWQG33AEYKSQ1M4VG6VC5N|active|Image|2026-08-28|人物|冒认贵女
9336|贵女ABC|pa_01M13KWXCSB0F8HFJAXQ551WJK|pg_01M0EWQG33AEYKSQ1M4VG6VC5N|active|Image|2026-08-28|人物|冒认贵女
9356|贵女甲|pa_01M13NPHVWRS1X4X3F2E345CV1|pg_01M0EWQG33AEYKSQ1M4VG6VC5N|active|Image|2026-08-28|人物|冒认贵女
9357|贵女乙|pa_01M13NQ2QRDP6WZ8FD04AX03S2|pg_01M0EWQG33AEYKSQ1M4VG6VC5N|active|Image|2026-08-28|人物|冒认贵女
9358|贵女丙|pa_01M13NQGN63YTWE51JS82TSBCV|pg_01M0EWQG33AEYKSQ1M4VG6VC5N|active|Image|2026-08-28|人物|冒认贵女
9403|陈蛮0|pa_01M13SHTBM4J69HGK0PQX1AFBT|pg_01M0EWQG33AEYKSQ1M4VG6VC5N|active|Image|2026-08-28|人物|冒认贵女
9404|春梨0|pa_01M13SJESM6MNH7V8S9T2D4F70|pg_01M0EWQG33AEYKSQ1M4VG6VC5N|active|Image|2026-08-28|人物|冒认贵女
9407|萧芷卿0|pa_01M13SKDP7D8A5Z3V0NBM2D021|pg_01M0EWQG33AEYKSQ1M4VG6VC5N|active|Image|2026-08-28|人物|冒认贵女
9409|郑知瑶0|pa_01M13SM2Z94P8FEGFT4YNFYC3J|pg_01M0EWQG33AEYKSQ1M4VG6VC5N|active|Image|2026-08-28|人物|冒认贵女
9410|萧芷林0|pa_01M13SMXN6CH7DVK5S0M429R5M|pg_01M0EWQG33AEYKSQ1M4VG6VC5N|active|Image|2026-08-28|人物|冒认贵女
9412|陆云远0|pa_01M13SNFKD28FGEFGP4TNE6VD0|pg_01M0EWQG33AEYKSQ1M4VG6VC5N|active|Image|2026-08-28|人物|冒认贵女
9413|田守仁0|pa_01M13SPTFRR81QNXA6DDJX7AJX|pg_01M0EWQG33AEYKSQ1M4VG6VC5N|active|Image|2026-08-28|人物|冒认贵女
9414|赵娴|pa_01M13SSGV6FE8BZ5YXW89ZAZCJ|pg_01M0EWQG33AEYKSQ1M4VG6VC5N|active|Image|2026-08-28|人物|冒认贵女
9415|兰清|pa_01M13SVFW3PRJMDGTSBT32J4BY|pg_01M0EWQG33AEYKSQ1M4VG6VC5N|active|Image|2026-08-28|人物|冒认贵女
9416|兰韵|pa_01M13SVVCFKX8HE5RKJXXFS0RX|pg_01M0EWQG33AEYKSQ1M4VG6VC5N|active|Image|2026-08-28|人物|冒认贵女
9419|郑知瑶宴会zzy|pa_01M13SXHARG02AYSVK61ZVQX9A|pg_01M0EWQG33AEYKSQ1M4VG6VC5N|active|Image|2026-08-28|人物|冒认贵女
9423|陈蛮宴会zzy|pa_01M13SYZD9VJWE4RY7P7AW5DZV|pg_01M0EWQG33AEYKSQ1M4VG6VC5N|active|Image|2026-08-28|人物|冒认贵女
9428|萧芷卿面纱zzy|pa_01M13T0DTT8NQCTRTZ23XG44EE|pg_01M0EWQG33AEYKSQ1M4VG6VC5N|active|Image|2026-08-28|人物|冒认贵女
9436|萧芷林zzy|pa_01M13TGYJK7H96X6WC5TKXPXBH|pg_01M0EWQG33AEYKSQ1M4VG6VC5N|active|Image|2026-08-28|人物|冒认贵女
9437|裴语常服华丽zzy|pa_01M13THWYE0T834WHZ8DBVV8G7|pg_01M0EWQG33AEYKSQ1M4VG6VC5N|active|Image|2026-08-28|人物|冒认贵女
8657|g26-2|pa_01M0HTG2MAY15H7JFTFZBQNRW5|pg_01M0EWQHN1CB64ESVHG2JS6P48|failed|Image|2026-08-21|定帧|冒认贵女
9053|46-葛欣柔站位|pa_01M10S74S9PKWE43X5KA65CH1X|pg_01M0EWQHN1CB64ESVHG2JS6P48|failed|Image|2026-08-27|定帧|冒认贵女
9054|56-4 参考|pa_01M10S7A54C8DR4YMTPJ55AWHG|pg_01M0EWQHN1CB64ESVHG2JS6P48|failed|Image|2026-08-27|定帧|冒认贵女
9055|58-3参考|pa_01M10SH5XAQ2K9MN9MFJZSWEN4|pg_01M0EWQHN1CB64ESVHG2JS6P48|failed|Image|2026-08-27|定帧|冒认贵女
9056|46-3-1|pa_01M10SQPH8WSNWNV527C9YX6DA|pg_01M0EWQHN1CB64ESVHG2JS6P48|failed|Image|2026-08-27|定帧|冒认贵女
9057|56-5 参考|pa_01M10SSDM26139JHQ6HT5ZWK91|pg_01M0EWQHN1CB64ESVHG2JS6P48|failed|Image|2026-08-27|定帧|冒认贵女
9059|46-魏芸、箫芷林、魏芸贴身婢女|pa_01M10T7DXYHG3AYYJVNA7S3BCW|pg_01M0EWQHN1CB64ESVHG2JS6P48|failed|Image|2026-08-27|定帧|冒认贵女
9063|站位男女主|pa_01M10TYYWE7K7SKVZRVWTJS3JF|pg_01M0EWQHN1CB64ESVHG2JS6P48|failed|Image|2026-08-27|定帧|冒认贵女
9064|58-4参考|pa_01M10V5E49RJBHYVSXA1REXEG4|pg_01M0EWQHN1CB64ESVHG2JS6P48|failed|Image|2026-08-27|定帧|冒认贵女
9065|37集站位|pa_01M10WJ54F7XPPN1PG07Q8YCD0|pg_01M0EWQHN1CB64ESVHG2JS6P48|failed|Image|2026-08-27|定帧|冒认贵女
9081|37集3|pa_01M10ZX6T14Y1NBCK2V1FWZZQK|pg_01M0EWQHN1CB64ESVHG2JS6P48|active|Image|2026-08-27|定帧|冒认贵女
9082|站位参考49|pa_01M110CXB9KTRGVNJ242CWB5E8|pg_01M0EWQHN1CB64ESVHG2JS6P48|active|Image|2026-08-27|定帧|冒认贵女
9086|37集4|pa_01M1119HHPRPAHV05PZC4FDCXQ|pg_01M0EWQHN1CB64ESVHG2JS6P48|active|Image|2026-08-27|定帧|冒认贵女
9088|46-2站位|pa_01M111DQ650D4EPB6SMSQE6DJZ|pg_01M0EWQHN1CB64ESVHG2JS6P48|active|Image|2026-08-27|定帧|冒认贵女
9090|陈蛮眼神|pa_01M111PSH4BMHZ267YW3VY8437|pg_01M0EWQHN1CB64ESVHG2JS6P48|active|Image|2026-08-27|定帧|冒认贵女
9096|顾老夫人站位|pa_01M114CZ9FBSQTBNHGHYSRCDXM|pg_01M0EWQHN1CB64ESVHG2JS6P48|active|Image|2026-08-27|定帧|冒认贵女
9097|萧芷卿背景|pa_01M114N9AF1T7MA7GCAVN2E39Z|pg_01M0EWQHN1CB64ESVHG2JS6P48|active|Image|2026-08-27|定帧|冒认贵女
9101|6-1|pa_01M115AG94JJRHKVN5QV86YVHX|pg_01M0EWQHN1CB64ESVHG2JS6P48|active|Image|2026-08-27|定帧|冒认贵女
9107|人物位置关系|pa_01M1181A9265T09A848C8G3C1V|pg_01M0EWQHN1CB64ESVHG2JS6P48|active|Image|2026-08-27|定帧|冒认贵女
9108|6集1|pa_01M1181MBY2XGMHX5M1ATJ5B8N|pg_01M0EWQHN1CB64ESVHG2JS6P48|active|Image|2026-08-27|定帧|冒认贵女
9110|46-多人站位|pa_01M118MJM8QFMA73QMRGRTWFJX|pg_01M0EWQHN1CB64ESVHG2JS6P48|active|Image|2026-08-27|定帧|冒认贵女
9113|46-陈蛮位置|pa_01M118VYF4BX49W47YB9JNSHGG|pg_01M0EWQHN1CB64ESVHG2JS6P48|active|Image|2026-08-27|定帧|冒认贵女
9115|7-2|pa_01M119A1QVW6YR3BBE4DVYKE5W|pg_01M0EWQHN1CB64ESVHG2JS6P48|active|Image|2026-08-27|定帧|冒认贵女
9116|站位22|pa_01M119K6XV063YBN5RDD1TDDYM|pg_01M0EWQHN1CB64ESVHG2JS6P48|active|Image|2026-08-27|定帧|冒认贵女
9117|46陈蛮位置关系|pa_01M11AQ5G2QYS9WKTB7P263SKA|pg_01M0EWQHN1CB64ESVHG2JS6P48|active|Image|2026-08-27|定帧|冒认贵女
9118|融到一起|pa_01M11AQCKWWKHKDH14K05EWVYC|pg_01M0EWQHN1CB64ESVHG2JS6P48|active|Image|2026-08-27|定帧|冒认贵女
9128|6|pa_01M11CVETXNT2BQREB0AVEF9P7|pg_01M0EWQHN1CB64ESVHG2JS6P48|active|Image|2026-08-27|定帧|冒认贵女
9131|6.1|pa_01M11E23TGZH76FKBGZWYDNEEY|pg_01M0EWQHN1CB64ESVHG2JS6P48|active|Image|2026-08-27|定帧|冒认贵女
9132|6.2|pa_01M11E2ADWS0Q4DGFA38ZM31HE|pg_01M0EWQHN1CB64ESVHG2JS6P48|active|Image|2026-08-27|定帧|冒认贵女
9135|38-4|pa_01M11FDBYJ1JRKWGMVHXS7Q7KT|pg_01M0EWQHN1CB64ESVHG2JS6P48|active|Image|2026-08-27|定帧|冒认贵女
9138|38-3|pa_01M11GMV6KSRTT1TV15MT6Z3WC|pg_01M0EWQHN1CB64ESVHG2JS6P48|active|Image|2026-08-27|定帧|冒认贵女
9140|58田守仁|pa_01M11N05EJ4Y5KB3DJ94PYZNR1|pg_01M0EWQHN1CB64ESVHG2JS6P48|active|Image|2026-08-27|定帧|冒认贵女
9141|58-5参考|pa_01M11N1FAGV39RVP6SKD7ZPDA9|pg_01M0EWQHN1CB64ESVHG2JS6P48|active|Image|2026-08-27|定帧|冒认贵女
9145|47-陆云远、铜川、川渝三人站位|pa_01M12YZ8AEXHFB095VCGXVJ8A7|pg_01M0EWQHN1CB64ESVHG2JS6P48|active|Image|2026-08-28|定帧|冒认贵女
9154|6--1-1|pa_01M131MTK5CNTDW01D0M03GWFF|pg_01M0EWQHN1CB64ESVHG2JS6P48|active|Image|2026-08-28|定帧|冒认贵女
9156|47-郑知瑶站位|pa_01M1321N5K23MGWNR9D85M4PYF|pg_01M0EWQHN1CB64ESVHG2JS6P48|active|Image|2026-08-28|定帧|冒认贵女
9160|周慧淑院中站位|pa_01M132T9H1844CNK3HXGDQKSNC|pg_01M0EWQHN1CB64ESVHG2JS6P48|active|Image|2026-08-28|定帧|冒认贵女
9161|周慧淑站起后位置|pa_01M132TGQBYX07VNBBQNCGJQEG|pg_01M0EWQHN1CB64ESVHG2JS6P48|active|Image|2026-08-28|定帧|冒认贵女
9164|6-1-2|pa_01M1335TE0F5C0YQ2ZTSH10T9T|pg_01M0EWQHN1CB64ESVHG2JS6P48|active|Image|2026-08-28|定帧|冒认贵女
9166|手|pa_01M133AD0XH881KF5HKD79YHHG|pg_01M0EWQHN1CB64ESVHG2JS6P48|active|Image|2026-08-28|定帧|冒认贵女
9180|47-周慧淑站位|pa_01M1349Y8FDNNV242RBWBKJM9W|pg_01M0EWQHN1CB64ESVHG2JS6P48|active|Image|2026-08-28|定帧|冒认贵女
9212|萧芷卿疹子|pa_01M136R0FQ22DS9FAEBHH0WEJ5|pg_01M0EWQHN1CB64ESVHG2JS6P48|active|Image|2026-08-28|定帧|冒认贵女
9230|59-1参考|pa_01M137XWJR0NPGDZKMZ9CJBPAJ|pg_01M0EWQHN1CB64ESVHG2JS6P48|active|Image|2026-08-28|定帧|冒认贵女
9231|48-陈蛮、萧芷林站位|pa_01M137Z1D5MTVVNQ4117S86VFB|pg_01M0EWQHN1CB64ESVHG2JS6P48|active|Image|2026-08-28|定帧|冒认贵女
9232|站位23-1|pa_01M1388XAXX9MQ3C7NRD2F3212|pg_01M0EWQHN1CB64ESVHG2JS6P48|active|Image|2026-08-28|定帧|冒认贵女
9234|39-2|pa_01M138A8PWEVNRZPBC8W5X7XRV|pg_01M0EWQHN1CB64ESVHG2JS6P48|active|Image|2026-08-28|定帧|冒认贵女
9236|39-1|pa_01M13A1N6B3F2PCJY0QVYGV6KY|pg_01M0EWQHN1CB64ESVHG2JS6P48|active|Image|2026-08-28|定帧|冒认贵女
9238|坝州厢房走位|pa_01M13ARYZSKHAR0DXKF85PSMN5|pg_01M0EWQHN1CB64ESVHG2JS6P48|active|Image|2026-08-28|定帧|冒认贵女
9253|坝州回廊走位|pa_01M13C9N8QA26X0K10J3BPY7PE|pg_01M0EWQHN1CB64ESVHG2JS6P48|active|Image|2026-08-28|定帧|冒认贵女
9256|位置关系|pa_01M13CK496XVGZRAHCP9AW2R1M|pg_01M0EWQHN1CB64ESVHG2JS6P48|active|Image|2026-08-28|定帧|冒认贵女
9277|59-3参考|pa_01M13DDMDZ76ENTXAVPK5H5NB9|pg_01M0EWQHN1CB64ESVHG2JS6P48|active|Image|2026-08-28|定帧|冒认贵女
9286|40-1|pa_01M13F1C6VWQKBQAKAGSMKWSZZ|pg_01M0EWQHN1CB64ESVHG2JS6P48|active|Image|2026-08-28|定帧|冒认贵女
9287|魏芸三人站位|pa_01M13F28CQRPXNSNXJSA0TD4D7|pg_01M0EWQHN1CB64ESVHG2JS6P48|active|Image|2026-08-28|定帧|冒认贵女
9290|伤口处|pa_01M13FH5RF75RJW31WQVJTAV9D|pg_01M0EWQHN1CB64ESVHG2JS6P48|active|Image|2026-08-28|定帧|冒认贵女
9294|陈蛮站位|pa_01M13G7D5B80YGXFJ6KB6BEH1H|pg_01M0EWQHN1CB64ESVHG2JS6P48|active|Image|2026-08-28|定帧|冒认贵女
9307|25-1-1|pa_01M13HEKTAM9GCXS768P00E46N|pg_01M0EWQHN1CB64ESVHG2JS6P48|active|Image|2026-08-28|定帧|冒认贵女
9308|44位置|pa_01M13HHMRR8PN11Y3AZAKSJD9X|pg_01M0EWQHN1CB64ESVHG2JS6P48|active|Image|2026-08-28|定帧|冒认贵女
9321|25-1-1-1|pa_01M13JNJ63TVPFK1623RA6B4GQ|pg_01M0EWQHN1CB64ESVHG2JS6P48|active|Image|2026-08-28|定帧|冒认贵女
9323|25-3-1|pa_01M13JRK47JSQGMB9KPX9TPR1V|pg_01M0EWQHN1CB64ESVHG2JS6P48|active|Image|2026-08-28|定帧|冒认贵女
9324|25-3-1-1|pa_01M13K5N56HRWBXWXMS96D53F8|pg_01M0EWQHN1CB64ESVHG2JS6P48|active|Image|2026-08-28|定帧|冒认贵女
9325|29-1|pa_01M13K5TFJPC38M6NK6TQMQJD6|pg_01M0EWQHN1CB64ESVHG2JS6P48|active|Image|2026-08-28|定帧|冒认贵女
9326|24.1|pa_01M13K7D0CE533M3WGRADM6N3N|pg_01M0EWQHN1CB64ESVHG2JS6P48|active|Image|2026-08-28|定帧|冒认贵女
9327|24.2|pa_01M13K7P592JPV89XDSFWC1EM7|pg_01M0EWQHN1CB64ESVHG2JS6P48|active|Image|2026-08-28|定帧|冒认贵女
9330|24.3|pa_01M13KC2587VMPXYMN508WND55|pg_01M0EWQHN1CB64ESVHG2JS6P48|active|Image|2026-08-28|定帧|冒认贵女
9339|24.4|pa_01M13M7KGT9KR04G2X24N2ESAZ|pg_01M0EWQHN1CB64ESVHG2JS6P48|active|Image|2026-08-28|定帧|冒认贵女
9345|25-4-1|pa_01M13MRN00WCVM939897JAXDK9|pg_01M0EWQHN1CB64ESVHG2JS6P48|active|Image|2026-08-28|定帧|冒认贵女
9355|44位置参考|pa_01M13NP3104DSEFT8NEEEVQS6Y|pg_01M0EWQHN1CB64ESVHG2JS6P48|active|Image|2026-08-28|定帧|冒认贵女
9433|公主府人物站位zzy|pa_01M13T379YD62EF29DZEZXH3S2|pg_01M0EWQHN1CB64ESVHG2JS6P48|active|Image|2026-08-28|定帧|冒认贵女
9434|48-萧芷林站位|pa_01M13T72X20A12C1JZ7NCPP6G7|pg_01M0EWQHN1CB64ESVHG2JS6P48|active|Image|2026-08-28|定帧|冒认贵女
9162|玉簪|pa_01M132YPNFWDKR1D17144VXYEA|pg_01M0EWQK1VY6WERJZJVWDC0M82|active|Image|2026-08-28|道具|冒认贵女
9316|药瓶|pa_01M13JK6FQ8TQ9NM0M9V5JB3ZS|pg_01M0EWQK1VY6WERJZJVWDC0M82|active|Image|2026-08-28|道具|冒认贵女
9074|丁家主|pa_01M10Y701Y4Y7J7XEB2W8AXSBF|pg_01M0EWQP5WHB6A05S9MCXF6ZV1|active|Image|2026-08-27|人物|天命反派第一季
9075|钱家主|pa_01M10Y77W0HYT7BE5KRKR6H4W3|pg_01M0EWQP5WHB6A05S9MCXF6ZV1|active|Image|2026-08-27|人物|天命反派第一季
9121|洞玄老祖|pa_01M11BZ2V8YHJ4JVT01BYWTCDG|pg_01M0EWQP5WHB6A05S9MCXF6ZV1|active|Image|2026-08-27|人物|天命反派第一季
9122|宫清鸢|pa_01M11BZE07RBGKP509GC4F5HQ0|pg_01M0EWQP5WHB6A05S9MCXF6ZV1|active|Image|2026-08-27|人物|天命反派第一季
9123|闻吟秋|pa_01M11BZNPYSTWXHR3FVERNEGRX|pg_01M0EWQP5WHB6A05S9MCXF6ZV1|active|Image|2026-08-27|人物|天命反派第一季
9148|白织梦|pa_01M130JCQ7H51TCAFGF0CNVPFE|pg_01M0EWQP5WHB6A05S9MCXF6ZV1|active|Image|2026-08-28|人物|天命反派第一季
9153|白元|pa_01M131F53J0BP50V6FY18T6X48|pg_01M0EWQP5WHB6A05S9MCXF6ZV1|active|Image|2026-08-28|人物|天命反派第一季
9171|牧家长老|pa_01M133KZS5PHXN1307F1SHP2QD|pg_01M0EWQP5WHB6A05S9MCXF6ZV1|active|Image|2026-08-28|人物|天命反派第一季
9172|牧家族人|pa_01M133SMEQ2GAJSKH6SJ7VEB70|pg_01M0EWQP5WHB6A05S9MCXF6ZV1|active|Image|2026-08-28|人物|天命反派第一季
9176|牧野初期|pa_01M134015C9YHPHRPR5BW9NQ72|pg_01M0EWQP5WHB6A05S9MCXF6ZV1|active|Image|2026-08-28|人物|天命反派第一季
9177|牧人|pa_01M1340E2EDF3BF8WZFESQ6QA1|pg_01M0EWQP5WHB6A05S9MCXF6ZV1|active|Image|2026-08-28|人物|天命反派第一季
9178|叶瑶|pa_01M1343QDRSP7TH4GAXGPWH8V2|pg_01M0EWQP5WHB6A05S9MCXF6ZV1|active|Image|2026-08-28|人物|天命反派第一季
9179|牧野|pa_01M1349G5ZJS7H48K0THX80813|pg_01M0EWQP5WHB6A05S9MCXF6ZV1|active|Image|2026-08-28|人物|天命反派第一季
9181|冥凤|pa_01M134B170F091W0BDNCX6PGFA|pg_01M0EWQP5WHB6A05S9MCXF6ZV1|active|Image|2026-08-28|人物|天命反派第一季
9182|骨龙|pa_01M134BDE1BHRZAEZ36HV2TNZ7|pg_01M0EWQP5WHB6A05S9MCXF6ZV1|active|Image|2026-08-28|人物|天命反派第一季
9183|黑虎王|pa_01M134C37CMPB4EPFEADZJDGB5|pg_01M0EWQP5WHB6A05S9MCXF6ZV1|active|Image|2026-08-28|人物|天命反派第一季
9185|道神院考核长老|pa_01M134MADZAH0292B361YDVEZX|pg_01M0EWQP5WHB6A05S9MCXF6ZV1|active|Image|2026-08-28|人物|天命反派第一季
9186|九尾狐|pa_01M134RT5A8JHH1AT046M77VWZ|pg_01M0EWQP5WHB6A05S9MCXF6ZV1|active|Image|2026-08-28|人物|天命反派第一季
9187|牧野被逐版|pa_01M134WSEH14V65348A4TNX774|pg_01M0EWQP5WHB6A05S9MCXF6ZV1|active|Image|2026-08-28|人物|天命反派第一季
9188|顾青霄升级后|pa_01M1350HGD8C6MAN0FYX8AR34N|pg_01M0EWQP5WHB6A05S9MCXF6ZV1|active|Image|2026-08-28|人物|天命反派第一季
9189|楚天命正常态|pa_01M1350W7YXS8SVTEBX22M685M|pg_01M0EWQP5WHB6A05S9MCXF6ZV1|active|Image|2026-08-28|人物|天命反派第一季
9191|楚天命雷劈|pa_01M13515RAFM1ZYM0DRGT4FFYF|pg_01M0EWQP5WHB6A05S9MCXF6ZV1|active|Image|2026-08-28|人物|天命反派第一季
9192|楚天命丹田被废|pa_01M1351M9CR352F0NESD14416G|pg_01M0EWQP5WHB6A05S9MCXF6ZV1|active|Image|2026-08-28|人物|天命反派第一季
9194|宫真|pa_01M1352KDXS0Y4A9KAPNQEXWS8|pg_01M0EWQP5WHB6A05S9MCXF6ZV1|active|Image|2026-08-28|人物|天命反派第一季
9196|天引老祖|pa_01M1352YWZ7WEFPM8KB2HD61W6|pg_01M0EWQP5WHB6A05S9MCXF6ZV1|active|Image|2026-08-28|人物|天命反派第一季
9198|夜玲珑|pa_01M135AQ7M8HH4B443X524B769|pg_01M0EWQP5WHB6A05S9MCXF6ZV1|active|Image|2026-08-28|人物|天命反派第一季
9199|南宫景淮|pa_01M135EMWY2X11K3J8JZCB5ZKX|pg_01M0EWQP5WHB6A05S9MCXF6ZV1|active|Image|2026-08-28|人物|天命反派第一季
9200|南宫星屹|pa_01M135K8S2QXZKR41T5Y4DRCYH|pg_01M0EWQP5WHB6A05S9MCXF6ZV1|active|Image|2026-08-28|人物|天命反派第一季
9204|黑袍青年|pa_01M135YSWRFFNH4XP9SB29ABPQ|pg_01M0EWQP5WHB6A05S9MCXF6ZV1|active|Image|2026-08-28|人物|天命反派第一季
9207|道神院群像弟子|pa_01M135Z70EKQCY9PZNM9AC0ZCZ|pg_01M0EWQP5WHB6A05S9MCXF6ZV1|active|Image|2026-08-28|人物|天命反派第一季
9209|甄形|pa_01M136MZ94B3PP4VWK72Y14X8N|pg_01M0EWQP5WHB6A05S9MCXF6ZV1|active|Image|2026-08-28|人物|天命反派第一季
9210|南宫星屹受伤|pa_01M136PQW87MQ85H3Z1S7EZ6RD|pg_01M0EWQP5WHB6A05S9MCXF6ZV1|active|Image|2026-08-28|人物|天命反派第一季
9211|南宫夜|pa_01M136QCJNKTENX4MJRRJC0HYX|pg_01M0EWQP5WHB6A05S9MCXF6ZV1|active|Image|2026-08-28|人物|天命反派第一季
9213|青玥|pa_01M136RNNXMGS1SQ8AXPGHNTMQ|pg_01M0EWQP5WHB6A05S9MCXF6ZV1|active|Image|2026-08-28|人物|天命反派第一季
9227|和萱秋|pa_01M137HDT3RHKT791J8KP5C7FP|pg_01M0EWQP5WHB6A05S9MCXF6ZV1|active|Image|2026-08-28|人物|天命反派第一季
9243|楚天命.|pa_01M13BSFF6KCBSQZHWHM72NNV5|pg_01M0EWQP5WHB6A05S9MCXF6ZV1|active|Image|2026-08-28|人物|天命反派第一季
9244|丹药殿主.|pa_01M13BWKM1HJ1BMFA40HMBNP8N|pg_01M0EWQP5WHB6A05S9MCXF6ZV1|active|Image|2026-08-28|人物|天命反派第一季
9245|道神院大殿.|pa_01M13BWX203CXAT5RYQ055YSHD|pg_01M0EWQP5WHB6A05S9MCXF6ZV1|active|Image|2026-08-28|人物|天命反派第一季
9249|顾青霄.|pa_01M13C2JPC1JKSBZ264546RV4D|pg_01M0EWQP5WHB6A05S9MCXF6ZV1|active|Image|2026-08-28|人物|天命反派第一季
9254|守护殿主.|pa_01M13CF3NPMMYE8WX6QGVN4F33|pg_01M0EWQP5WHB6A05S9MCXF6ZV1|active|Image|2026-08-28|人物|天命反派第一季
9257|团子.|pa_01M13CKM63JPH1NKS5VY114X4G|pg_01M0EWQP5WHB6A05S9MCXF6ZV1|active|Image|2026-08-28|人物|天命反派第一季
9258|夜玲珑.|pa_01M13CN54H8QKVG22BZEDECYSW|pg_01M0EWQP5WHB6A05S9MCXF6ZV1|active|Image|2026-08-28|人物|天命反派第一季
9259|赵寻天功法殿主.|pa_01M13CNCP0K86NA2DP4ZPW20F2|pg_01M0EWQP5WHB6A05S9MCXF6ZV1|active|Image|2026-08-28|人物|天命反派第一季
9260|执法殿大长老.|pa_01M13CNS459GJ2XHFCM1MS52EN|pg_01M0EWQP5WHB6A05S9MCXF6ZV1|active|Image|2026-08-28|人物|天命反派第一季
9261|执法殿二长老.|pa_01M13CPZ94F4RTZVQZJV4DRK6A|pg_01M0EWQP5WHB6A05S9MCXF6ZV1|active|Image|2026-08-28|人物|天命反派第一季
9263|执法殿后四名长老.|pa_01M13CQ7CPJJRC1M98Y0ZDY6V0|pg_01M0EWQP5WHB6A05S9MCXF6ZV1|active|Image|2026-08-28|人物|天命反派第一季
9270|南宫家长老|pa_01M13CTHW8JGFAM7RQDEM2496E|pg_01M0EWQP5WHB6A05S9MCXF6ZV1|active|Image|2026-08-28|人物|天命反派第一季
9282|群像弟子1|pa_01M13EK7RN0BWQ4Y4NP5K9R4FS|pg_01M0EWQP5WHB6A05S9MCXF6ZV1|active|Image|2026-08-28|人物|天命反派第一季
9283|赵老|pa_01M13ESG7C0Y5540ZQDWDVN4Z0|pg_01M0EWQP5WHB6A05S9MCXF6ZV1|active|Image|2026-08-28|人物|天命反派第一季
9306|夏青禾|pa_01M13HEDAHPTNSXHD9PGR3QEZ8|pg_01M0EWQP5WHB6A05S9MCXF6ZV1|active|Image|2026-08-28|人物|天命反派第一季
9314|赵老干瘪尸体|pa_01M13HZAY51SZ6KW6P2FARGWFG|pg_01M0EWQP5WHB6A05S9MCXF6ZV1|active|Image|2026-08-28|人物|天命反派第一季
9315|图片 (1)|pa_01M13JB1114SNR1V3PTH3ZE436|pg_01M0EWQP5WHB6A05S9MCXF6ZV1|active|Image|2026-08-28|人物|天命反派第一季
9333|白家长老|pa_01M13KNN678CGH06TTMV6ABMD0|pg_01M0EWQP5WHB6A05S9MCXF6ZV1|active|Image|2026-08-28|人物|天命反派第一季
9335|白家护卫|pa_01M13KVPGT4WQ0XQ0DT5P09A31|pg_01M0EWQP5WHB6A05S9MCXF6ZV1|active|Image|2026-08-28|人物|天命反派第一季
9340|南宫问天|pa_01M13MBTQM2TQAQ8JWEJF2GFEK|pg_01M0EWQP5WHB6A05S9MCXF6ZV1|active|Image|2026-08-28|人物|天命反派第一季
9343|道天|pa_01M13MNE8K41BA4JVR7XZAS6VC|pg_01M0EWQP5WHB6A05S9MCXF6ZV1|active|Image|2026-08-28|人物|天命反派第一季
9348|和战|pa_01M13MYAM0TCF88EGSKNSG7T48|pg_01M0EWQP5WHB6A05S9MCXF6ZV1|active|Image|2026-08-28|人物|天命反派第一季
9349|叶家守护者|pa_01M13N8PFBHFE11J5NW4CNZCFP|pg_01M0EWQP5WHB6A05S9MCXF6ZV1|active|Image|2026-08-28|人物|天命反派第一季
9350|叶家家主|pa_01M13N8X9ZD8W7ANVEQ9ADR4CT|pg_01M0EWQP5WHB6A05S9MCXF6ZV1|active|Image|2026-08-28|人物|天命反派第一季
9370|神宗长老|pa_01M13Q2BDFNMEJNTE6GZ44HK66|pg_01M0EWQP5WHB6A05S9MCXF6ZV1|active|Image|2026-08-28|人物|天命反派第一季
9371|道天院长|pa_01M13Q2Z87W21DY5CV5P048JX5|pg_01M0EWQP5WHB6A05S9MCXF6ZV1|active|Image|2026-08-28|人物|天命反派第一季
9373|日月神宗宗主|pa_01M13QCH05P7SADK1XQH1QFCBG|pg_01M0EWQP5WHB6A05S9MCXF6ZV1|active|Image|2026-08-28|人物|天命反派第一季
9374|神宗弟子|pa_01M13ZPSBG27ETJPY2JPFVJ1DM|pg_01M0EWQP5WHB6A05S9MCXF6ZV1|failed|Image|2026-08-28|人物|天命反派第一季
9377|丹药殿主|pa_01M13ZPNMKRDSXJ08796PCNGDE|pg_01M0EWQP5WHB6A05S9MCXF6ZV1|failed|Image|2026-08-28|人物|天命反派第一季
9379|南宫夜老年伪装|pa_01M13ZPN00TSNQN4M90V1MH9QJ|pg_01M0EWQP5WHB6A05S9MCXF6ZV1|failed|Image|2026-08-28|人物|天命反派第一季
9390|南宫侍卫|pa_01M13ZRD9MPAF305GYCA1K90TS|pg_01M0EWQP5WHB6A05S9MCXF6ZV1|failed|Image|2026-08-28|人物|天命反派第一季
9391|和力|pa_01M13ZPA4XD1PTMASJFKS4KRHD|pg_01M0EWQP5WHB6A05S9MCXF6ZV1|failed|Image|2026-08-28|人物|天命反派第一季
9392|夜玲珑1|pa_01M13ZP8J9497VDW8TXP6ETQN8|pg_01M0EWQP5WHB6A05S9MCXF6ZV1|failed|Image|2026-08-28|人物|天命反派第一季
9393|守护殿主1|pa_01M13ZP164F59D5D2DW2G6Q3Y5|pg_01M0EWQP5WHB6A05S9MCXF6ZV1|failed|Image|2026-08-28|人物|天命反派第一季
9394|守护殿主|pa_01M13ZNYK3KK79GGT7Q0A151BX|pg_01M0EWQP5WHB6A05S9MCXF6ZV1|failed|Image|2026-08-28|人物|天命反派第一季
9397|顾青霄（x）|pa_01M13ZNWCH82RGNTCE6QMBEJYK|pg_01M0EWQP5WHB6A05S9MCXF6ZV1|failed|Image|2026-08-28|人物|天命反派第一季
8938|杨凡|pa_01M1419DXWREQ3D2S08KZFZ8VP|pg_01M0Y7MAQCKNSP3MPFQVZVQ6GA|failed|Image|2026-08-26|人物-同步素材组|修仙
8939|宁青禾|pa_01M1419BSSH83YD2PZPZ2850Y8|pg_01M0Y7MAQCKNSP3MPFQVZVQ6GA|failed|Image|2026-08-26|人物-同步素材组|修仙
8940|苏照月|pa_01M1419Q9GDPGDD2W0ZH24QKJ0|pg_01M0Y7MAQCKNSP3MPFQVZVQ6GA|failed|Image|2026-08-26|人物-同步素材组|修仙
8941|赵骁|pa_01M1419R2ZQF30HAK9T1TRTPR9|pg_01M0Y7MAQCKNSP3MPFQVZVQ6GA|failed|Image|2026-08-26|人物-同步素材组|修仙
8945|青绿色光纹特效|pa_01M14175K13Y3HMC2YRMP2J97Q|pg_01M0Y7MAQCKNSP3MPFQVZVQ6GA|failed|Image|2026-08-26|人物-同步素材组|修仙
8998|杨凡、宁青禾、赵骁人物站位|pa_01M1416DWMK4N6R7X9EJAQ3G1N|pg_01M0Y7MAQCKNSP3MPFQVZVQ6GA|failed|Image|2026-08-26|人物-同步素材组|修仙
9006|赵骁和杨凡站位|pa_01M1416DB0NJNGZ4VHKW0V9KZ9|pg_01M0Y7MAQCKNSP3MPFQVZVQ6GA|failed|Image|2026-08-26|人物-同步素材组|修仙
9136|B|pa_01M141A1ANQJ67QXT86G26KD4F|pg_01M0Y7MAQCKNSP3MPFQVZVQ6GA|failed|Image|2026-08-27|人物-同步素材组|修仙
9137|C|pa_01M1419TGFAEHCP05NV4QDYGXG|pg_01M0Y7MAQCKNSP3MPFQVZVQ6GA|failed|Image|2026-08-27|人物-同步素材组|修仙
9142|D|pa_01M14160HSN2ZNR9QKZGY909JX|pg_01M0Y7MAQCKNSP3MPFQVZVQ6GA|failed|Image|2026-08-27|人物-同步素材组|修仙
9144|F|pa_01M1415MZ58ZH1R3TMEVHT5AY9|pg_01M0Y7MAQCKNSP3MPFQVZVQ6GA|failed|Image|2026-08-27|人物-同步素材组|修仙
9450|G|pa_01M1415MSWVPD2PH25B5G91E52|pg_01M0Y7MAQCKNSP3MPFQVZVQ6GA|failed|Image|2026-08-28|人物-同步素材组|修仙
8942|龙环测灵碑|pa_01M1417GA0FKR6S1SDRXX4PNZG|pg_01M0Y7MQZSF0W4CRCNQ4CQ5600|failed|Image|2026-08-26|场景-不同步|修仙
8943|引魂鹤|pa_01M1417DQWSV7SZVNHTSJ6V4B9|pg_01M0Y7MQZSF0W4CRCNQ4CQ5600|failed|Image|2026-08-26|场景-不同步|修仙
8944|登仙令|pa_01M14175QBYV7F17ZT52Y04GKR|pg_01M0Y7MQZSF0W4CRCNQ4CQ5600|failed|Image|2026-08-26|场景-不同步|修仙
8946|古木参天特效|pa_01M14175JEXJJE317BYB272H6J|pg_01M0Y7MQZSF0W4CRCNQ4CQ5600|failed|Image|2026-08-26|场景-不同步|修仙
8947|青石镇招仙台|pa_01M1416SPXW9X01Z7G3WTVBC1E|pg_01M0Y7MQZSF0W4CRCNQ4CQ5600|failed|Image|2026-08-26|场景-不同步|修仙
9143|E|pa_01M141602V1Z36F8FZZ7J7SEZK|pg_01M0Y7MQZSF0W4CRCNQ4CQ5600|failed|Image|2026-08-27|场景-不同步|修仙
9453|A|pa_01M1415MRJZA8A9GKY8J6STF2J|pg_01M0Y7MQZSF0W4CRCNQ4CQ5600|failed|Image|2026-08-28|场景-不同步|修仙
